time (months),crack length (arbitary unit),rul (months)
0,0.0031148767601589,27
1,0.0597410467558969,26
2,-0.0257482211465784,25
3,0.1071437663197524,24
4,0.0594166080287688,23
5,0.0189704866461642,22
