time (months),crack length (arbitary unit),rul (months)
0,0.0052929144222659,39
1,-0.0123301847816674,38
2,0.0623502510339346,37
3,0.1077562067599938,36
