time (months),crack length (arbitary unit),rul (months)
0,0.0052929144222659,39
1,-0.0123301847816674,38
