time (months),crack length (arbitary unit),rul (months)
0,0.0036858465916629,39
1,-0.01469080612443,38
2,-0.0489118501494417,37
3,-0.000898451931064,36
4,-0.0073597936865751,35
5,0.0167321023377135,34
6,-0.0094425358540481,33
7,0.0268041513775471,32
8,-0.0151467389369205,31
9,0.0093854082676733,30
10,0.1095683684925547,29
11,0.0854128141085625,28
12,0.0911256097022722,27
13,-0.0028278736200504,26
14,-0.0398609628227339,25
15,0.0833660285669551,24
