time (months),crack length (arbitary unit),rul (months)
0,0.0044620306578439,40
1,-0.0187322918420897,39
2,0.0514751565175228,38
3,-0.0023644115543952,37
4,0.0491443042245752,36
5,0.0762956911716369,35
6,0.0606069381753489,34
7,-0.0863226985288452,33
