time (months),crack length (arbitary unit),rul (months)
0,0.002397047458514,42
1,0.0111493084837926,41
2,0.0798634884319636,40
3,0.0014939264494091,39
4,0.0286729395746535,38
5,0.0674186063853193,37
6,-0.0223008264772296,36
7,-0.039595238015668,35
8,-0.0071147328727917,34
9,-0.0134227248334402,33
10,-0.0946939080955003,32
11,0.0063938678740162,31
