time (months),crack length (arbitary unit),rul (months)
0,0.0120927564475521,36
1,0.0058739973110605,35
2,0.0335032226575679,34
3,-0.0120280159958542,33
4,0.0181890115837029,32
5,0.0511872634924267,31
6,0.1250271068151719,30
7,0.0288362057965004,29
8,0.0292593053571929,28
9,0.0208623988784135,27
10,0.0915932333947142,26
11,0.0563207886888817,25
12,-0.0584390807611336,24
13,0.1141322174516198,23
