time (months),crack length (arbitary unit),rul (months)
0,0.0024280584487396,39
1,0.0207701268239862,38
2,0.0426717884910439,37
3,-0.0313591843530587,36
4,-0.0021697330966646,35
5,-0.0183170142414221,34
6,0.0080266213439897,33
7,-0.0273244153331315,32
8,-0.0184173332862344,31
9,-0.0102529689686535,30
10,0.0048092110754114,29
