time (months),crack length (arbitary unit),rul (months)
0,0.0138367470958368,30
1,-0.0357183133568341,29
2,0.095390162173016,28
3,0.0151222066952895,27
4,0.0679742842658663,26
5,-0.055635599349848,25
