time (months),crack length (arbitary unit),rul (months)
0,0.0089104852983365,35
1,0.0452694739386091,34
2,0.0318030981588162,33
3,-0.013823189679167,32
4,0.0513816680009509,31
5,0.07259807184524,30
