time (months),crack length (arbitary unit),rul (months)
0,0.0038190321828826,42
1,-0.004701286738721,41
