time (months),crack length (arbitary unit),rul (months)
0,0.0089104852983365,35
1,0.0452694739386091,34
2,0.0318030981588162,33
3,-0.013823189679167,32
4,0.0513816680009509,31
5,0.07259807184524,30
6,0.0896243114398839,29
7,0.1403972151626198,28
8,0.1326265895957092,27
9,0.0758517356278618,26
10,-0.0065547863727427,25
11,0.0817394812686046,24
12,0.1444461103657094,23
13,0.0448766278710461,22
14,0.1789240536446587,21
