time (months),crack length (arbitary unit),rul (months)
0,0.0044717299384918,42
1,0.0324779994711694,41
2,0.025596836707338,40
