time (months),crack length (arbitary unit),rul (months)
0,0.0143071871012749,36
1,0.1031834240050177,35
2,0.0093834452808669,34
3,0.0761168394752394,33
4,0.0551324554140874,32
5,0.119398989097702,31
6,0.004127284307533,30
7,0.1289948244622402,29
8,0.0174092575156194,28
9,0.1098355858290444,27
10,0.0643877588416035,26
11,0.0749616527338395,25
