time (months),crack length (arbitary unit),rul (months)
0,0.0070812229642264,2
1,0.0629278012372245,1
