time (months),crack length (arbitary unit),rul (months)
0,0.0138367470958368,30
1,-0.0357183133568341,29
2,0.095390162173016,28
3,0.0151222066952895,27
4,0.0679742842658663,26
5,-0.055635599349848,25
6,0.0526923873643759,24
7,0.0278289252123479,23
8,0.0504889326877976,22
9,0.0145391038514369,21
10,0.0037314870335287,20
11,0.1073978629687919,19
