time (months),crack length (arbitary unit),rul (months)
0,0.0052929144222659,39
1,-0.0123301847816674,38
2,0.0623502510339346,37
3,0.1077562067599938,36
4,0.0437251051536513,35
5,0.0256614829959814,34
6,-0.0573648703260946,33
7,0.0325501493540846,32
8,-0.1003015109226091,31
9,0.0764949111447751,30
10,0.0807923478763013,29
11,-0.0171523714513475,28
12,0.1165420846913471,27
13,0.1269408434176969,26
14,0.1452359947860864,25
15,0.1745696161631555,24
16,0.1070908762661667,23
