time (months),crack length (arbitary unit),rul (months)
0,0.0067916604772835,36
1,-0.0946315858493336,35
2,0.0281238586204387,34
3,-0.0021853733759216,33
4,0.0409879800976448,32
5,0.0028045329801933,31
6,0.0975773943717296,30
