time (months),crack length (arbitary unit),rul (months)
0,0.0163373161545133,39
1,-0.0086019689722289,38
2,-0.0686463352945158,37
3,0.0217438348166737,36
4,-0.0141889508497711,35
5,0.0260159750823273,34
6,0.0671961670256947,33
