time (months),crack length (arbitary unit),rul (months)
0,0.0096178036387976,33
1,-0.0455651374665372,32
2,0.0006364523315142,31
3,0.0062894775579955,30
4,0.0110346390766107,29
5,0.0790044449736931,28
6,0.0437211661496836,27
7,0.0483892733393653,26
8,0.0043267323293713,25
9,0.0386257039313479,24
10,0.018978185824385,23
11,0.0739664973761945,22
12,0.0954195524381365,21
13,0.1680714323382371,20
