time (months),crack length (arbitary unit),rul (months)
0,0.0110402447203883,39
1,-0.0161538074164525,38
2,0.0535854284483898,37
3,0.1079207602369485,36
4,0.1167159881797122,35
5,0.0360885969360031,34
6,0.0343110259905438,33
7,0.0197641317154976,32
8,0.0704592333416323,31
9,0.1026104625690033,30
10,0.0040971637167813,29
11,0.062271481293037,28
12,0.1278735499480692,27
13,0.0834021749944635,26
14,0.0708849856014386,25
15,0.1391845573173425,24
16,0.16240908861437,23
