time (months),crack length (arbitary unit),rul (months)
0,0.0143071871012749,36
1,0.1031834240050177,35
2,0.0093834452808669,34
3,0.0761168394752394,33
4,0.0551324554140874,32
