time (months),crack length (arbitary unit),rul (months)
0,0.0027774180246851,60
1,0.1072742264447631,59
2,0.0039810064713547,58
3,0.0783632883021935,57
4,0.0467686259679247,56
5,0.0150369646203753,55
6,0.0434747356026825,54
7,-0.0453949063083343,53
8,0.023133030684622,52
9,0.0779462002123688,51
10,0.0763100653900102,50
11,0.0039321945691754,49
12,0.0078137931625131,48
13,0.1104523286328581,47
14,-0.0022591593940285,46
