time (months),crack length (arbitary unit),rul (months)
0,0.0108649105179054,42
1,-0.0275819989485966,41
