time (months),crack length (arbitary unit),rul (months)
0,0.0035439197398388,38
1,0.0860899182925195,37
2,-0.0670744943845046,36
3,-0.0432148023660276,35
4,-0.0036951245281342,34
5,0.0217470273931717,33
6,0.0102368482855427,32
7,0.0272781458649237,31
8,0.0408812149761056,30
9,-0.0156074033390225,29
