time (months),crack length (arbitary unit),rul (months)
0,0.0067916604772835,36
1,-0.0946315858493336,35
2,0.0281238586204387,34
