time (months),crack length (arbitary unit),rul (months)
0,0.0114016521768017,37
1,0.0630362803469057,36
2,0.0085345400136239,35
3,-0.0110721409062949,34
4,-0.0072510683680828,33
5,-0.023091184807139,32
6,0.0426951769622707,31
7,-0.0337448596732218,30
8,0.0203897330538543,29
9,0.0311665115787363,28
10,0.1614730828695283,27
11,0.0005143789699685,26
12,0.0508534549345629,25
13,0.0994200808511378,24
14,0.1415126465240487,23
15,0.1222814742849013,22
16,0.1609671340711368,21
