time (months),crack length (arbitary unit),rul (months)
0,0.0086090775213087,39
1,-0.0554041509237727,38
2,-0.0747459762280219,37
3,0.014344787378287,36
4,-0.0104531876521368,35
5,0.0642619488785839,34
6,0.0583581534914712,33
7,0.0359282099556682,32
8,-0.0278867581562903,31
9,0.0402793489551655,30
