time (months),crack length (arbitary unit),rul (months)
0,0.0056843886430909,43
1,0.03818482625059,42
2,-0.0123309616604833,41
3,-0.0177914656184735,40
4,0.0119838753145301,39
5,0.0289190617946405,38
6,-0.0248094373168144,37
7,-0.0534084670825642,36
8,-0.0081867231849347,35
9,0.0549567623846177,34
10,0.111913669415996,33
11,0.0502558188034398,32
12,-0.0338639793949666,31
