time (months),crack length (arbitary unit),rul (months)
0,0.0110402447203883,39
1,-0.0161538074164525,38
2,0.0535854284483898,37
3,0.1079207602369485,36
4,0.1167159881797122,35
