time (months),crack length (arbitary unit),rul (months)
0,0.0044717299384918,42
1,0.0324779994711694,41
2,0.025596836707338,40
3,-0.0450708776685769,39
4,0.0686701426024003,38
5,-0.0424872432665322,37
6,0.0417157913864957,36
