time (months),crack length (arbitary unit),rul (months)
0,0.0040890918602878,48
1,0.1057824630724805,47
