time (months),crack length (arbitary unit),rul (months)
0,0.0036858465916629,39
1,-0.01469080612443,38
