time (months),crack length (arbitary unit),rul (months)
0,0.0035439197398388,38
1,0.0860899182925195,37
2,-0.0670744943845046,36
3,-0.0432148023660276,35
