time (months),crack length (arbitary unit),rul (months)
0,0.012480539621415,35
1,0.0551718692021993,34
2,-0.0528969103500406,33
3,0.0452285081315801,32
4,0.0684091625407273,31
5,0.0215961480049488,30
6,0.048159606669975,29
7,0.1198157944110857,28
8,0.0759371852931589,27
