time (months),crack length (arbitary unit),rul (months)
0,0.0042726899740687,42
1,-0.0628702675401306,41
2,0.0161862528658066,40
3,0.0729266719695282,39
4,-0.0445074638175934,38
5,0.023480343829492,37
6,-0.0162213427786507,36
7,0.049376844732785,35
8,0.0488917403161032,34
9,-0.0144898096262183,33
10,0.0459271841158603,32
11,-0.0735509310559398,31
12,-0.0484907300788224,30
13,0.0597077646031111,29
14,0.0410630750736392,28
15,0.0548800564832917,27
16,0.1092595108584718,26
