time (months),crack length (arbitary unit),rul (months)
0,0.0148251497043204,36
1,0.0508453945768618,35
