time (months),crack length (arbitary unit),rul (months)
0,0.0166267012821579,29
1,-0.0249275351719296,28
2,-0.0337271367621324,27
3,-0.0419789416847528,26
4,-0.0407892032260258,25
5,0.0562745757600026,24
6,0.0722702911480085,23
