time (months),crack length (arbitary unit),rul (months)
0,0.0056214547199358,12
1,0.0372112250903514,11
2,-0.0658323625014185,10
3,-0.0245944514154534,9
4,0.1000368639218907,8
5,0.037664512378414,7
6,-0.1489016392866471,6
7,0.0292521994943102,5
8,-0.016294789375344,4
