time (months),crack length (arbitary unit),rul (months)
0,0.0129245410952989,12
1,-0.0693214338610849,11
2,0.0330555347689275,10
