time (months),crack length (arbitary unit),rul (months)
0,0.012480539621415,35
1,0.0551718692021993,34
2,-0.0528969103500406,33
3,0.0452285081315801,32
