time (months),crack length (arbitary unit),rul (months)
0,0.0148251497043204,36
1,0.0508453945768618,35
2,-0.0429177746744567,34
3,0.0001749730545552,33
4,0.0264945956685354,32
5,-0.0219861021621891,31
