time (months),crack length (arbitary unit),rul (months)
0,0.0068782972510813,2
1,-0.0504600639231682,1
