time (months),crack length (arbitary unit),rul (months)
0,0.0129245410952989,12
1,-0.0693214338610849,11
2,0.0330555347689275,10
3,0.0924725252773055,9
4,0.0416659339641763,8
5,0.0327726807398617,7
6,0.0101520779783873,6
7,0.022190452810832,5
8,0.077710635489818,4
9,0.0625565253397408,3
10,0.0733909076986316,2
11,0.0289003268565194,1
