time (months),crack length (arbitary unit),rul (months)
0,0.0096178036387976,33
1,-0.0455651374665372,32
2,0.0006364523315142,31
3,0.0062894775579955,30
4,0.0110346390766107,29
5,0.0790044449736931,28
