time (months),crack length (arbitary unit),rul (months)
0,0.0163373161545133,39
1,-0.0086019689722289,38
2,-0.0686463352945158,37
3,0.0217438348166737,36
4,-0.0141889508497711,35
5,0.0260159750823273,34
6,0.0671961670256947,33
7,0.0316611250801438,32
8,0.0945170578270257,31
9,0.1636350642436845,30
10,0.0411427629907536,29
11,0.1041164154460637,28
12,0.0830279138962537,27
13,0.1568630247923179,26
