time (months),crack length (arbitary unit),rul (months)
0,0.0028408437775721,51
1,0.0779518584911556,50
