time (months),crack length (arbitary unit),rul (months)
0,0.0036858465916629,39
1,-0.01469080612443,38
2,-0.0489118501494417,37
3,-0.000898451931064,36
4,-0.0073597936865751,35
5,0.0167321023377135,34
6,-0.0094425358540481,33
7,0.0268041513775471,32
