time (months),crack length (arbitary unit),rul (months)
0,0.0040890918602878,48
1,0.1057824630724805,47
2,-0.046938985373411,46
3,0.0757547425025342,45
4,-0.0003031493312331,44
