time (months),crack length (arbitary unit),rul (months)
0,0.013017691880181,43
1,-0.0862299171727849,42
2,-0.011400057536002,41
3,-0.0687246196770338,40
4,0.0328824192242189,39
