time (months),crack length (arbitary unit),rul (months)
0,0.0086090775213087,39
1,-0.0554041509237727,38
2,-0.0747459762280219,37
3,0.014344787378287,36
