time (months),crack length (arbitary unit),rul (months)
0,0.003016585178785,24
1,-0.0390083856765797,23
2,-0.0235523411798487,22
3,-0.022289681026166,21
4,0.0439381349601485,20
5,0.0483475679290496,19
6,0.08338679648276,18
7,-0.0063355291989519,17
8,0.0910511711836846,16
9,0.0281166160953706,15
10,-0.0204362680056508,14
