time (months),crack length (arbitary unit),rul (months)
0,0.0108649105179054,42
1,-0.0275819989485966,41
2,0.0003033018026741,40
3,0.0239055124235176,39
4,-0.0151361309963261,38
5,0.0254319011113182,37
6,0.051361022821103,36
