time (months),crack length (arbitary unit),rul (months)
0,0.0050755770709711,34
1,-0.0400969230303302,33
2,-0.0688761729417005,32
3,-0.0981899591823994,31
4,0.030647116978802,30
5,0.0605802489523546,29
6,0.007787468985626,28
7,0.0385942537220928,27
8,0.0834551202480558,26
