time (months),crack length (arbitary unit),rul (months)
0,0.0042726899740687,42
1,-0.0628702675401306,41
2,0.0161862528658066,40
3,0.0729266719695282,39
4,-0.0445074638175934,38
5,0.023480343829492,37
