time (months),crack length (arbitary unit)
0,0.0050755770709711
1,-0.0400969230303302
2,-0.0688761729417005
3,-0.0981899591823994
4,0.030647116978802
5,0.0605802489523546
6,0.007787468985626
7,0.0385942537220928
8,0.0834551202480558
