time (months),crack length (arbitary unit)
0,0.0104791848532481
1,0.0576007988996113
2,-0.0925064705607329
3,-0.0362714818109695
4,-0.0131269342169391
5,0.0154638337871191
6,0.0347123927725931
7,-0.0331323430359648
8,-0.0675136121950992
9,0.0416625320589569
10,0.0907237829571457
11,0.1532352748095391
12,0.096164020326928
13,0.1472936090172443
14,0.1475419181029294
15,0.0868904812479835
16,0.0561031222655479
17,0.1775529822806917
