time (months),crack length (arbitary unit)
0,0.0143071871012749
1,0.1031834240050177
2,0.0093834452808669
3,0.0761168394752394
4,0.0551324554140874
