time (months),crack length (arbitary unit)
0,0.0044717299384918
1,0.0324779994711694
2,0.025596836707338
3,-0.0450708776685769
4,0.0686701426024003
5,-0.0424872432665322
6,0.0417157913864957
