time (months),crack length (arbitary unit)
0,0.0108649105179054
1,-0.0275819989485966
2,0.0003033018026741
3,0.0239055124235176
4,-0.0151361309963261
5,0.0254319011113182
6,0.051361022821103
