time (months),crack length (arbitary unit)
0,0.0044717299384918
1,0.0324779994711694
2,0.025596836707338
