time (months),crack length (arbitary unit)
0,0.0166267012821579
1,-0.0249275351719296
2,-0.0337271367621324
3,-0.0419789416847528
