time (months),crack length (arbitary unit)
0,0.0114016521768017
1,0.0630362803469057
2,0.0085345400136239
3,-0.0110721409062949
4,-0.0072510683680828
5,-0.023091184807139
6,0.0426951769622707
7,-0.0337448596732218
8,0.0203897330538543
9,0.0311665115787363
10,0.1614730828695283
11,0.0005143789699685
12,0.0508534549345629
13,0.0994200808511378
14,0.1415126465240487
15,0.1222814742849013
16,0.1609671340711368
