time (months),crack length (arbitary unit)
0,0.0039458500691017
1,-0.0250544877037937
2,-0.0143444721845598
3,-0.0690190510599227
4,-0.0198582753986135
5,0.0177346205464932
6,-0.0293578322203255
7,0.0307976158734688
8,0.0799231026918362
9,-0.0116766408196386
