time (months),crack length (arbitary unit)
0,0.012480539621415
1,0.0551718692021993
2,-0.0528969103500406
3,0.0452285081315801
