time (months),crack length (arbitary unit)
0,0.0042726899740687
1,-0.0628702675401306
2,0.0161862528658066
3,0.0729266719695282
4,-0.0445074638175934
5,0.023480343829492
