time (months),crack length (arbitary unit)
0,0.0028408437775721
1,0.0779518584911556
