time (months),crack length (arbitary unit)
0,0.0086090775213087
1,-0.0554041509237727
2,-0.0747459762280219
3,0.014344787378287
4,-0.0104531876521368
5,0.0642619488785839
6,0.0583581534914712
7,0.0359282099556682
8,-0.0278867581562903
9,0.0402793489551655
