time (months),crack length (arbitary unit)
0,0.0143071871012749
1,0.1031834240050177
2,0.0093834452808669
3,0.0761168394752394
4,0.0551324554140874
5,0.119398989097702
6,0.004127284307533
7,0.1289948244622402
8,0.0174092575156194
9,0.1098355858290444
10,0.0643877588416035
11,0.0749616527338395
