time (months),crack length (arbitary unit)
0,0.0028408437775721
1,0.0779518584911556
2,-0.0647909109041617
3,0.0150858972210385
4,0.0353540359566673
5,0.0372508144055478
6,0.0104588712992145
7,-0.0023427615938832
8,-0.0022978172451605
9,-0.0749003885339981
10,-0.0299997230781948
11,0.0329688210366569
12,-0.0363988568907691
13,-0.0088111689832734
14,-0.0025552034857619
15,0.0491893157519303
16,0.0354207954780623
17,0.0684753155991765
18,0.1108344158263798
19,0.0162976078155226
