time (months),crack length (arbitary unit)
0,0.016811751662125
1,0.0140921176886777
