time (months),crack length (arbitary unit)
0,0.0070812229642264
1,0.0629278012372245
