time (months),crack length (arbitary unit)
0,0.0024280584487396
1,0.0207701268239862
2,0.0426717884910439
3,-0.0313591843530587
4,-0.0021697330966646
5,-0.0183170142414221
