time (months),crack length (arbitary unit)
0,0.0089104852983365
1,0.0452694739386091
2,0.0318030981588162
3,-0.013823189679167
4,0.0513816680009509
5,0.07259807184524
6,0.0896243114398839
7,0.1403972151626198
8,0.1326265895957092
9,0.0758517356278618
10,-0.0065547863727427
11,0.0817394812686046
12,0.1444461103657094
13,0.0448766278710461
14,0.1789240536446587
