time (months),crack length (arbitary unit)
0,0.0110402447203883
1,-0.0161538074164525
2,0.0535854284483898
3,0.1079207602369485
4,0.1167159881797122
