time (months),crack length (arbitary unit)
0,0.0038190321828826
1,-0.004701286738721
