time (months),crack length (arbitary unit)
0,0.0138367470958368
1,-0.0357183133568341
2,0.095390162173016
3,0.0151222066952895
4,0.0679742842658663
5,-0.055635599349848
