time (months),crack length (arbitary unit)
0,0.003016585178785
1,-0.0390083856765797
2,-0.0235523411798487
3,-0.022289681026166
4,0.0439381349601485
5,0.0483475679290496
6,0.08338679648276
7,-0.0063355291989519
8,0.0910511711836846
