time (months),crack length (arbitary unit)
0,0.0035439197398388
1,0.0860899182925195
2,-0.0670744943845046
3,-0.0432148023660276
4,-0.0036951245281342
5,0.0217470273931717
6,0.0102368482855427
7,0.0272781458649237
8,0.0408812149761056
9,-0.0156074033390225
10,-0.0315284557007131
11,-0.0378270900382248
12,0.0242285856717231
13,0.0650266088167862
14,0.112712990000275
15,0.0469005132746811
16,0.0087630953319587
17,0.081448851434874
18,0.1448391748412507
19,0.1446220812800105
