time (months),crack length (arbitary unit)
0,0.0148251497043204
1,0.0508453945768618
2,-0.0429177746744567
3,0.0001749730545552
4,0.0264945956685354
5,-0.0219861021621891
