time (months),crack length (arbitary unit)
0,0.0040890918602878
1,0.1057824630724805
2,-0.046938985373411
3,0.0757547425025342
4,-0.0003031493312331
