time (months),crack length (arbitary unit)
0,0.0036858465916629
1,-0.01469080612443
2,-0.0489118501494417
3,-0.000898451931064
4,-0.0073597936865751
5,0.0167321023377135
6,-0.0094425358540481
7,0.0268041513775471
8,-0.0151467389369205
9,0.0093854082676733
10,0.1095683684925547
11,0.0854128141085625
12,0.0911256097022722
13,-0.0028278736200504
14,-0.0398609628227339
15,0.0833660285669551
