time (months),crack length (arbitary unit)
0,0.005453020273559
1,0.0263410550217746
2,-0.0160373322484323
3,0.0169999684382528
4,0.0756763320810463
5,-0.043808717499943
6,0.0220587647514585
7,0.0544911080971597
8,-0.0639040202864356
9,0.0317041532055001
10,0.0210586960552156
11,0.1161175001883931
12,0.0603263028889902
13,0.1066232957025125
14,0.1112079902782524
15,0.0350497767552561
16,0.0270301698250232
17,0.1246163134707241
