time (months),crack length (arbitary unit)
0,0.0096178036387976
1,-0.0455651374665372
2,0.0006364523315142
3,0.0062894775579955
4,0.0110346390766107
5,0.0790044449736931
