time (months),crack length (arbitary unit)
0,0.0067916604772835
1,-0.0946315858493336
2,0.0281238586204387
