time (months),crack length (arbitary unit)
0,0.0163373161545133
1,-0.0086019689722289
2,-0.0686463352945158
3,0.0217438348166737
4,-0.0141889508497711
