time (months),crack length (arbitary unit)
0,0.0067643534374825
1,-0.0745282378576003
2,-0.0176661480803212
3,-0.041958637998919
4,0.0019589638849134
5,0.0313481623159139
6,0.0827594899164778
7,0.0387132079861926
8,-0.0909865425699829
