time (months),crack length (arbitary unit)
0,0.0120927564475521
1,0.0058739973110605
2,0.0335032226575679
3,-0.0120280159958542
4,0.0181890115837029
5,0.0511872634924267
6,0.1250271068151719
7,0.0288362057965004
8,0.0292593053571929
