time (months),crack length (arbitary unit)
0,0.0163373161545133
1,-0.0086019689722289
2,-0.0686463352945158
3,0.0217438348166737
4,-0.0141889508497711
5,0.0260159750823273
6,0.0671961670256947
7,0.0316611250801438
8,0.0945170578270257
9,0.1636350642436845
10,0.0411427629907536
11,0.1041164154460637
12,0.0830279138962537
13,0.1568630247923179
14,0.1773184862900827
15,0.2348419545825054
16,0.2704409091250172
17,0.3693074064918805
18,0.3000824302330362
