time (months),crack length (arbitary unit)
0,0.0068782972510813
1,-0.0504600639231682
