time (months),crack length (arbitary unit)
0,0.0052929144222659
1,-0.0123301847816674
