time (months),crack length (arbitary unit)
0,0.0056214547199358
1,0.0372112250903514
2,-0.0658323625014185
3,-0.0245944514154534
4,0.1000368639218907
5,0.037664512378414
6,-0.1489016392866471
7,0.0292521994943102
