time (months),crack length (arbitary unit)
0,0.0044620306578439
1,-0.0187322918420897
2,0.0514751565175228
3,-0.0023644115543952
4,0.0491443042245752
5,0.0762956911716369
6,0.0606069381753489
