time (months),crack length (arbitary unit)
0,0.013017691880181
1,-0.0862299171727849
2,-0.011400057536002
3,-0.0687246196770338
4,0.0328824192242189
