time (months),crack length (arbitary unit)
0,0.0148251497043204
1,0.0508453945768618
