time (months),crack length (arbitary unit)
0,0.0052929144222659
1,-0.0123301847816674
2,0.0623502510339346
3,0.1077562067599938
