time (months),crack length (arbitary unit)
0,0.0089104852983365
1,0.0452694739386091
2,0.0318030981588162
3,-0.013823189679167
4,0.0513816680009509
5,0.07259807184524
