time (months),crack length (arbitary unit)
0,0.0108649105179054
1,-0.0275819989485966
