time (months),crack length (arbitary unit)
0,0.0056843886430909
1,0.03818482625059
2,-0.0123309616604833
3,-0.0177914656184735
4,0.0119838753145301
5,0.0289190617946405
6,-0.0248094373168144
7,-0.0534084670825642
8,-0.0081867231849347
9,0.0549567623846177
10,0.111913669415996
11,0.0502558188034398
12,-0.0338639793949666
13,-0.0514625604736858
14,0.091283020737215
