time (months),crack length (arbitary unit)
0,0.0031148767601589
1,0.0597410467558969
2,-0.0257482211465784
3,0.1071437663197524
4,0.0594166080287688
5,0.0189704866461642
