time (months),crack length (arbitary unit)
0,0.0067916604772835
1,-0.0946315858493336
2,0.0281238586204387
3,-0.0021853733759216
4,0.0409879800976448
5,0.0028045329801933
6,0.0975773943717296
