time (months),crack length (arbitary unit)
0,0.0040890918602878
1,0.1057824630724805
