time (months),crack length (arbitary unit)
0,0.0129245410952989
1,-0.0693214338610849
2,0.0330555347689275
3,0.0924725252773055
4,0.0416659339641763
5,0.0327726807398617
6,0.0101520779783873
7,0.022190452810832
8,0.077710635489818
9,0.0625565253397408
10,0.0733909076986316
11,0.0289003268565194
