time (months),crack length (arbitary unit)
0,0.0138367470958368
1,-0.0357183133568341
2,0.095390162173016
3,0.0151222066952895
4,0.0679742842658663
5,-0.055635599349848
6,0.0526923873643759
7,0.0278289252123479
8,0.0504889326877976
9,0.0145391038514369
10,0.0037314870335287
11,0.1073978629687919
