time (months),crack length (arbitary unit)
0,0.0086090775213087
1,-0.0554041509237727
2,-0.0747459762280219
3,0.014344787378287
