time (months),crack length (arbitary unit)
0,0.0027774180246851
1,0.1072742264447631
2,0.0039810064713547
3,0.0783632883021935
4,0.0467686259679247
5,0.0150369646203753
6,0.0434747356026825
7,-0.0453949063083343
8,0.023133030684622
9,0.0779462002123688
10,0.0763100653900102
