time (months),crack length (arbitary unit)
0,0.002397047458514
1,0.0111493084837926
2,0.0798634884319636
3,0.0014939264494091
