time (months),crack length (arbitary unit)
0,0.0036858465916629
1,-0.01469080612443
2,-0.0489118501494417
3,-0.000898451931064
4,-0.0073597936865751
5,0.0167321023377135
6,-0.0094425358540481
7,0.0268041513775471
