time (months),crack length (arbitary unit)
0,0.0036858465916629
1,-0.01469080612443
