time (months),crack length (arbitary unit)
0,0.0042726899740687
1,-0.0628702675401306
2,0.0161862528658066
3,0.0729266719695282
4,-0.0445074638175934
5,0.023480343829492
6,-0.0162213427786507
7,0.049376844732785
8,0.0488917403161032
9,-0.0144898096262183
10,0.0459271841158603
11,-0.0735509310559398
12,-0.0484907300788224
13,0.0597077646031111
14,0.0410630750736392
15,0.0548800564832917
16,0.1092595108584718
