time (months),crack length (arbitary unit)
0,0.002397047458514
1,0.0111493084837926
2,0.0798634884319636
3,0.0014939264494091
4,0.0286729395746535
5,0.0674186063853193
6,-0.0223008264772296
7,-0.039595238015668
8,-0.0071147328727917
9,-0.0134227248334402
10,-0.0946939080955003
11,0.0063938678740162
12,-0.0333305484446506
13,0.0042278206191421
14,0.1085072469211307
