time (months),crack length (arbitary unit),rul (months)
0,0.006878297251081343,2
1,-0.05046006392316829,1
2,0.03001022123026628,0
3,0.10286045003808097,0
