time (months),crack length (arbitary unit),rul (months)
0,0.007081222964226419,2
1,0.06292780123722455,1
2,0.08128083364928182,0
3,0.031684369195385184,0
