time (months),crack length (arbitary unit),rul (months)
0,0.0051077556678990315,1
1,0.03783682588257729,0
2,0.01615550481855372,0
