time (months),crack length (arbitary unit),rul (months)
0,0.012924541095298985,12
1,-0.06932143386108491,11
2,0.033055534768927544,10
3,0.09247252527730554,9
4,0.04166593396417631,8
5,0.032772680739861795,7
6,0.010152077978387363,6
7,0.022190452810832047,5
8,0.077710635489818,4
9,0.0625565253397408,3
10,0.07339090769863166,2
11,0.02890032685651943,1
12,0.14239281619523247,0
13,0.16437839585450936,0
