time (months),crack length (arbitary unit),rul (months)
0,0.005628004619235356,1
1,-0.06457271908741938,0
2,0.010528072865091071,0
