time (months),crack length (arbitary unit),rul (months)
0,0.01681175166212502,2
1,0.014092117688677734,1
2,0.03417967422789118,0
3,-0.008404576884533967,0
