time (months),crack length (arbitary unit),rul (months)
0,0.005621454719935839,12
1,0.03721122509035148,11
2,-0.06583236250141859,10
3,-0.024594451415453487,9
4,0.10003686392189075,8
5,0.03766451237841403,7
6,-0.14890163928664715,6
7,0.029252199494310252,5
8,-0.016294789375344093,4
9,0.13014479538839074,3
10,-0.029831264848507927,2
11,0.008530912283299406,1
12,0.0425548048752591,0
13,0.12179799395655286,0
